from_module,from_file,to_module,to_path,symbol,import_kind,line_number,shared_path
cost,apps/web/src/app/dashboard/cost/page.tsx,_shared,../_data/resolve-page-context,resolveDashboardContext,value,2,_data
governance,apps/web/src/app/dashboard/governance/_components/EmployeeJourneyMap.tsx,_shared,@/app/dashboard/_hooks/use-protocol-journey,useProtocolJourney,hook,12,_hooks
governance,apps/web/src/app/dashboard/governance/_components/EmployeeJourneyMap.tsx,_shared,@/app/dashboard/_hooks/dashboard-types,JourneyPhase,type,13,_hooks
governance,apps/web/src/app/dashboard/governance/_components/GovernanceOverview.tsx,_shared,@/app/dashboard/_hooks/dashboard-types,ProtocolOverviewItem,type,16,_hooks
governance,apps/web/src/app/dashboard/governance/_components/ProtocolEmployeeList.tsx,_shared,@/app/dashboard/_hooks/use-protocol-assignees,useProtocolAssignees,hook,13,_hooks
governance,apps/web/src/app/dashboard/governance/_components/ProtocolEmployeeList.tsx,_shared,@/app/dashboard/_hooks/dashboard-types,ProtocolAssignee,type,14,_hooks
governance,apps/web/src/app/dashboard/governance/_hooks/use-assignment-mutations.ts,_shared,@/app/dashboard/_hooks/dashboard-keys,dashboardKeys,value,17,_hooks
governance,apps/web/src/app/dashboard/governance/_hooks/use-governance-mutations.ts,_shared,@/app/dashboard/_hooks/dashboard-keys,dashboardKeys,value,18,_hooks
governance,apps/web/src/app/dashboard/governance/_hooks/use-governance-templates.ts,_shared,@/app/dashboard/_hooks/dashboard-keys,dashboardKeys,value,18,_hooks
handbook,apps/web/src/app/dashboard/handbook/_components/ChapterReader.tsx,_shared,@/app/dashboard/_components/document-mode/chapters,CHAPTERS,constant,21,_components
handbook,apps/web/src/app/dashboard/handbook/_components/ChapterReader.tsx,_shared,@/app/dashboard/_components/document-mode/chapters,ChapterKey,type,21,_components
handbook,apps/web/src/app/dashboard/handbook/page.tsx,_shared,../_data/resolve-page-context,resolveDashboardContext,value,4,_data
hms,apps/web/src/app/dashboard/hms/_components/SessionSignoffDrawer.tsx,_shared,@/app/dashboard/_actions/signoff-session-action,signoffSessionAction,action,12,_actions
hms,apps/web/src/app/dashboard/hms/_hooks/use-governance-filtered.ts,_shared,@/app/dashboard/_hooks/use-governance-overview,useGovernanceOverview,hook,4,_hooks
hms,apps/web/src/app/dashboard/hms/governance/page.tsx,_shared,@/app/dashboard/_hooks/use-governance-overview,useGovernanceOverview,hook,10,_hooks
hms,apps/web/src/app/dashboard/hms/page.tsx,_shared,../_data/resolve-page-context,resolveDashboardContext,value,2,_data
organization,apps/web/src/app/dashboard/organization/departments/[id]/_components/DepartmentHoursTab.tsx,_shared,@/app/dashboard/_hooks/dashboard-keys,dashboardKeys,value,19,_hooks
people,apps/web/src/app/dashboard/people/page.tsx,_shared,../_data/resolve-page-context,resolveDashboardContext,value,4,_data
reconciliation,apps/web/src/app/dashboard/reconciliation/_actions/override-reconciliation-action.ts,_shared,@/app/dashboard/_actions/_shared,resolveCurrentProfile,action,6,_actions
reconciliation,apps/web/src/app/dashboard/reconciliation/_actions/override-reconciliation-action.ts,_shared,@/app/dashboard/_actions/_shared,gateAction,action,6,_actions
reconciliation,apps/web/src/app/dashboard/reconciliation/_actions/override-wizard-blocker-action.ts,_shared,@/app/dashboard/_actions/_shared,resolveCurrentProfile,action,6,_actions
reconciliation,apps/web/src/app/dashboard/reconciliation/_actions/override-wizard-blocker-action.ts,_shared,@/app/dashboard/_actions/_shared,gateAction,action,6,_actions
reconciliation,apps/web/src/app/dashboard/reconciliation/_actions/save-wizard-step-action.ts,_shared,@/app/dashboard/_actions/_shared,resolveCurrentProfile,action,6,_actions
reconciliation,apps/web/src/app/dashboard/reconciliation/_actions/save-wizard-step-action.ts,_shared,@/app/dashboard/_actions/_shared,gateAction,action,6,_actions
reconciliation,apps/web/src/app/dashboard/reconciliation/_actions/submit-reconciliation-action.ts,_shared,@/app/dashboard/_actions/_shared,resolveCurrentProfile,action,6,_actions
reconciliation,apps/web/src/app/dashboard/reconciliation/_actions/submit-reconciliation-action.ts,_shared,@/app/dashboard/_actions/_shared,gateAction,action,6,_actions
reports,apps/web/src/app/dashboard/reports/page.tsx,_shared,../_data/resolve-page-context,resolveDashboardContext,value,10,_data
season,apps/web/src/app/dashboard/season/[seasonId]/_components/SeasonOverviewTab.tsx,_shared,@/app/dashboard/_actions/archive-season-action,archiveSeasonAction,action,51,_actions
season,apps/web/src/app/dashboard/season/[seasonId]/_components/SeasonOverviewTab.tsx,_shared,@/app/dashboard/_actions/duplicate-season-action,duplicateSeasonAction,action,52,_actions
season,apps/web/src/app/dashboard/season/[seasonId]/page.tsx,_shared,@/app/dashboard/_data/resolve-page-context,resolveDashboardContext,value,2,_data
settings,apps/web/src/app/dashboard/settings/_components/financial-close-settings.tsx,_shared,@/app/dashboard/_hooks/use-financial-close-config,useFinancialCloseConfig,hook,5,_hooks
settings,apps/web/src/app/dashboard/settings/_components/shift-lock-policy-settings.tsx,_shared,../../_hooks/dashboard-keys,dashboardKeys,value,27,_hooks
settings,apps/web/src/app/dashboard/settings/_hooks/use-workspace-operating-hours.ts,_shared,../../_hooks/dashboard-keys,dashboardKeys,value,15,_hooks
year-wheel,apps/web/src/app/dashboard/year-wheel/_components/SeasonActivationProposalModal.tsx,_shared,@/app/dashboard/_actions/activate-season-action,activateSeasonAction,action,51,_actions
year-wheel,apps/web/src/app/dashboard/year-wheel/_components/SeasonActivationProposalModal.tsx,_shared,@/app/dashboard/_actions/activate-season-action,ActivateSeasonResult,action,51,_actions
year-wheel,apps/web/src/app/dashboard/year-wheel/page.tsx,_shared,../_data/resolve-page-context,resolveDashboardContext,value,2,_data
